Rata-rata Tekanan Udara (mb),,,
Bulan,Tahun,,
,2022,2023,selisih
Januari,1003.7,1001.1,-2.6
Februari,1007.5,1001.1,-6.4
Maret,1008,1001.8,-6.2
April,1009.2,1000.7,-8.5
Mei,1008.2,1001.8,-6.4
Juni,1008.9,1001.8,-7.1
Juli,1010.8,1002.7,-8.1
Agustus,1006.5,1003.2,-3.3
September,1005.2,1002.5,-2.7
Oktober,1010.1,1002.8,-7.3
November,1003.6,1001.5,-2.1
Desember,1004.3,1001.7,-2.6
Rata-rata ,1007.166667,1001.891667,-5.275
Standar_deviasi,,,
